n_samples,n_features,pca_expl_ratio_1,pca_expl_ratio_2,pca_expl_ratio_3,attr_conc.mean,attr_conc.sd,attr_ent.mean,attr_ent.sd,cor.mean,cor.sd,cov.mean,cov.sd,eigenvalues.mean,eigenvalues.sd,g_mean.mean,g_mean.sd,h_mean.mean,h_mean.sd,iq_range.mean,iq_range.sd,kurtosis.mean,kurtosis.sd,mad.mean,mad.sd,max.mean,max.sd,mean.mean,mean.sd,median.mean,median.sd,min.mean,min.sd,nr_cor_attr,nr_norm,nr_outliers,range.mean,range.sd,sd.mean,sd.sd,skewness.mean,skewness.sd,sparsity.mean,sparsity.sd,t_mean.mean,t_mean.sd,var.mean,var.sd,Filename
8238,63,0.225915749,0.735603927,0.27646764,0.095291884,155.4877124,4.981056915,0.742487277,0.446204446,1.03E-41,0.026558165,0.032003302,0.020179443,0.023141294,0.015656407,0.017535506,0.102125516,0.080585462,0.073402728,0.025240672,0.134725922,0.826264622,1.006547028,0.054336589,0.10483945,0.005033888,0.012866271,0.095303453,0.132469198,0,0,0,0,0.172393254,0.352813661,155.4492375,725.9281703,0.017619254,0.060503905,0.996556651,0.020139878,0.225915749,0.256348864,0.173474992,0.361092048,0,0,bank-additional-full_normalised_1.csv
8238,63,0.226071962,,0.276347914,0.095284443,,,0.726279863,0.448982031,,0.026518019,0.031922583,0.020165674,0.023078389,0.015655634,0.017494604,0.106013423,0.080848613,0.071231303,0.019601173,0.122791804,0.827934342,1.009554451,,,0.005135488,0.012956411,0.095296011,0.133382325,0.000565322,0.004487101,0.000322149,0.002556976,0.172412619,0.352806484,,,0.016558595,0.055451353,0.974023333,0.131215409,0.226071962,0.256421252,0.17616827,0.364033034,3.22E-06,2.56E-05,bank-additional-full_normalised_2.csv
8238,63,0.226305329,,0.276576996,0.095329183,,,0.726259477,0.451667597,,0.026696067,0.032043397,0.020265129,0.023148876,0.015696444,0.017518598,0.102117161,0.079930294,0.071887079,0.027594407,0.109546699,0.829234331,1.011310537,,,0.005038405,0.012837982,0.095340756,0.13226493,0,0,0,0,0.156750909,0.337134102,,,0.015983158,0.052939117,0.974812794,0.135314189,0.226305329,0.256527244,0.175777302,0.363436979,0,0,bank-additional-full_normalised_3.csv
8237,63,0.225626997,,0.275664181,0.095132451,,,0.7267229,0.452234106,,0.026426647,0.031703902,0.020050397,0.022913648,0.015543093,0.01737226,0.104621612,0.079114525,0.074553303,0.014984982,0.084236951,0.824582215,1.006501983,,,0.00505449,0.01293251,0.095144002,0.13322214,0.011427335,0.062603137,0.004894101,0.029014703,0.172435698,0.352878484,,,0.016714126,0.056165202,0.969111063,0.140282598,0.225626997,0.256233033,0.17536654,0.363046228,0.000212476,0.001556941,bank-additional-full_normalised_4.csv
8237,63,0.226171769,0.74212843,0.276101005,0.095111364,197.5832343,5.166345745,0.742140699,0.448881047,6.62E-40,0.026527331,0.031867213,0.020147633,0.023041367,0.015626456,0.017466388,0.103423753,0.080566703,0.072325576,0.001500217,0.003789916,0.827196201,1.009279714,0.053647184,0.104629818,0.005006636,0.012865199,0.095122912,0.132536591,0.004599006,0.032249782,0.003869903,0.028107402,0.172412619,0.352806484,197.5345343,1085.864992,0.015393436,0.051102232,0.989873302,0.046127231,0.226171769,0.256861723,0.175369762,0.363044974,0.000208873,0.001557169,bank-additional-full_normalised_5.csv
56962,31,3066.686536,0.076210664,1539.20532,72602078.17,87.31395481,0.587041594,0.112804617,0.745897266,1.98E-24,-3.22E+21,1.41E+27,-3.67E+31,8.40E+36,-3.54E+41,5.65E+46,0.999972742,2.72E-05,1.63E-09,0.005908146,0.004738658,5.077268152,0.93894255,0.023557807,0.061057643,634.7054228,7724.980143,72603352.76,404226974.3,,,,,2739.970666,15237.12582,87.31078381,150.1446484,2040.971172,11354.26429,5968.228096,31033.87991,3066.686536,17058.26005,2739.368372,15248.09002,-14.70279735,12.10333308,creditcard_1.csv
56962,31,3066.125118,0.077455804,1541.087516,72797082.69,91.74228165,0.363726231,0.112553469,0.725929729,6.86E-21,-2.96E+21,1.40E+27,-3.46E+31,8.32E+36,-3.37E+41,5.56E+46,0.999973978,2.60E-05,1.62E-09,0.007723294,0.007044702,5.077409968,0.938960004,0.022837179,0.059959303,562.0051827,6259.401199,72798360.71,405313219.7,,,,,2747.629255,15279.8753,91.73895517,147.1307631,2044.220131,11372.37211,5914.089826,31023.50223,3066.125118,17055.13433,2738.529845,15243.42025,-16.91615645,15.05410781,creditcard_2.csv
113726,31,9553.612776,0.144476213,5524.580335,872495534.2,404.7095146,2.167390598,0.141240328,0.985387928,0.0019403,-7.39E+21,2.44E+30,-4.98E+31,1.53E+41,2.96E+43,1.01E+52,0.998230635,0.001769364,2.30E-10,0.049049044,0.110243323,5.436978625,0.823468446,0.244783496,0.2386264,14278.28504,238445.1738,872503206.2,4849017970,,,,,9582.94405,51170.78346,404.7023446,1891.005102,7103.839873,37933.76665,19140.17223,102071.3447,9553.612776,51008.69505,9557.057802,51035.09846,-8.52609962,19.27077437,creditcard_2023_1.csv
113726,31,9573.168969,0.143839605,5518.05388,870144933.3,17.71304678,0.112544362,0.144884676,1.0682668,5.67E-05,-2.25E+22,2.43E+30,-2.57E+33,1.53E+41,-2.54E+44,1.01E+52,0.998215094,0.001784905,2.28E-10,0.042287669,0.119380537,5.436965131,0.823465941,0.250573941,0.244391824,7160.663146,86099.68915,870152584.6,4835876504,,,,,9563.840616,51051.47977,17.71268251,29.02378053,7091.560462,37854.84628,19130.92671,102073.4975,9573.168969,51111.31785,9560.137299,51039.25275,-6.184909928,13.72283296,creditcard_2023_2.csv
113726,31,9555.070109,0.144851986,5517.445977,870345701.8,27.77373118,0.241775684,0.145091548,1.082043926,0.014336083,4.92E+22,2.43E+30,4.33E+33,1.53E+41,3.58E+44,1.01E+52,0.998235856,0.001764143,2.30E-10,0.027989014,0.015141184,5.436879322,0.823450077,0.249781695,0.244341955,8447.615471,113632.6219,870353354.9,4837096069,,,,,9554.698349,51027.99852,27.77318999,75.83962185,7084.538714,37836.4389,19131.07014,102072.7269,9555.070109,51007.19174,9561.426288,51042.87399,-6.454101315,15.0754448,creditcard_2023_3.csv
113726,31,9558.356557,0.144131564,5515.672166,869465135.6,12.93289483,0.101264704,0.149734883,1.111774917,0.00596531,-9.89E+21,2.42E+30,-9.30E+32,1.52E+41,-7.67E+43,1.01E+52,0.998218882,0.001781117,2.28E-10,0.024864017,0.01868606,5.436999376,0.823472262,0.249579298,0.245305655,7198.280188,87228.80435,869472780.9,4832117410,,,,,9541.775851,50935.71986,12.93261463,21.68805304,7073.316828,37758.75547,19128.14646,102071.4349,9558.356557,51029.16199,9561.180705,51045.08435,-5.263376278,12.62225519,creditcard_2023_4.csv
113726,31,9559.300885,0.144016832,5520.581895,871232943.1,14.82071551,0.078318474,0.14678888,1.062227045,9.17E-05,-9.27E+21,2.44E+30,-7.69E+32,1.54E+41,-5.56E+43,1.02E+52,0.99823034,0.001769659,2.27E-10,0.035151587,0.014319794,5.436977582,0.823468299,0.250447832,0.244676925,6540.349086,72899.2256,871240604,4841999464,,,,,9545.191461,50968.96884,14.82040211,24.4736091,7076.486997,37786.86239,19129.54138,102073.9507,9559.300885,51034.08604,9558.176629,51029.64078,-6.301201084,14.35940187,creditcard_2023_5.csv
56961,31,3050.507869,0.079352397,1536.65133,72423937.65,142.211667,0.818901131,0.111327339,0.695081904,5.64E-26,-2.75E+21,1.38E+27,-3.24E+31,8.14E+36,-3.15E+41,5.38E+46,0.999977098,2.29E-05,1.65E-09,0.005276469,0.006579877,5.077255612,0.938970532,0.025207833,0.056971409,638.410274,7790.978553,72425209.14,403236955.6,,,,,2743.2717,15255.25818,142.2065685,409.01894,2034.391348,11317.51358,5868.516721,31019.70825,3050.507869,16968.26518,2720.077841,15140.59331,-18.05743231,18.00244126,creditcard_3.csv
56961,31,3057.326013,0.077699937,1541.167503,72776924.3,136.6170627,0.274356819,0.10641307,0.667329064,3.17E-34,-2.99E+21,1.40E+27,-3.45E+31,8.27E+36,-3.32E+41,5.50E+46,0.999972081,2.79E-05,1.69E-09,0.007779616,0.006964317,5.077483867,0.938998898,0.025449688,0.060708653,412.6561943,3209.961405,72778201.98,405200189.5,,,,,2753.954519,15314.89199,136.6121606,233.6945408,2042.346136,11361.98869,6219.853029,31112.16013,3057.326013,17006.08711,2729.147561,15191.24699,-19.08911598,18.4247913,creditcard_4.csv
56961,31,3066.1625,0.075400715,1545.835269,73132046.44,239.9582117,1.388759683,0.107550691,0.612298231,2.05E-33,-3.21E+21,1.41E+27,-3.62E+31,8.34E+36,-3.47E+41,5.57E+46,0.999965405,3.46E-05,1.64E-09,0.006062069,0.008270693,5.077254781,0.938970431,0.027779132,0.063302458,542.1724675,5767.5474,73133330.36,407174594.3,,,,,2765.137803,15377.21685,239.9496811,421.9657605,2050.921217,11409.65069,6420.809944,31218.06873,3066.1625,17055.00397,2745.225138,15280.68802,-21.18705404,23.87092063,creditcard_5.csv
7196,125,3.38E+12,,9.72E+11,5.22E+25,,,0.346860023,1.477739442,,-6.61E+66,1.16E+81,-6.81E+94,8.76E+108,-7.06E+122,8.03E+136,0.991492008,0.008507906,8.49E-08,0.117871898,0.204787034,3.071838514,1.675536793,,,4.51E+23,3.68E+25,5.22E+25,5.79E+26,3.20E+12,2.52E+13,3.07E+12,2.42E+13,1.90E+12,1.39E+13,,,5.46E+11,4.30E+12,5.09E+12,3.89E+13,3.38E+12,2.63E+13,3.98E+12,3.14E+13,1.34E+12,1.05E+13,iot_first_1.csv
7195,125,3.38E+12,,9.76E+11,5.27E+25,,,0.347089378,1.461552142,,-7.42E+66,1.23E+81,-7.67E+94,9.60E+108,-8.02E+122,9.00E+136,0.991710289,0.008289615,9.49E-08,0.097966697,0.153035622,3.075819843,1.675975933,,,4.55E+23,3.71E+25,5.27E+25,5.84E+26,3.21E+12,2.53E+13,3.07E+12,2.42E+13,1.90E+12,1.39E+13,,,5.22E+11,4.11E+12,4.91E+12,3.76E+13,3.38E+12,2.63E+13,3.98E+12,3.14E+13,1.48E+12,1.16E+13,iot_first_2.csv
7195,125,3.37E+12,,9.78E+11,5.29E+25,,,0.346342088,1.457623019,,-6.96E+66,1.23E+81,-7.33E+94,9.49E+108,-7.69E+122,8.79E+136,0.991729038,0.008270877,8.37E-08,0.125255388,0.181831189,3.079691895,1.674566568,,,4.57E+23,3.73E+25,5.29E+25,5.87E+26,3.19E+12,2.52E+13,3.06E+12,2.41E+13,1.90E+12,1.39E+13,,,5.46E+11,4.30E+12,5.05E+12,3.87E+13,3.37E+12,2.62E+13,3.98E+12,3.14E+13,1.48E+12,1.16E+13,iot_first_3.csv
7195,125,3.38E+12,,9.73E+11,5.23E+25,,,0.347039051,1.450167213,,-6.50E+66,1.17E+81,-6.74E+94,8.86E+108,-7.10E+122,8.22E+136,0.991631502,0.008368434,6.35E-08,0.108724364,0.175865019,3.069225448,1.677342083,,,4.54E+23,3.69E+25,5.23E+25,5.80E+26,3.21E+12,2.53E+13,3.07E+12,2.42E+13,1.92E+12,1.41E+13,,,5.46E+11,4.30E+12,5.02E+12,3.84E+13,3.38E+12,2.63E+13,3.98E+12,3.14E+13,1.48E+12,1.16E+13,iot_first_4.csv
7194,125,3.38E+12,,9.74E+11,5.24E+25,,,0.34692961,1.450824885,,-6.73E+66,1.18E+81,-6.96E+94,9.02E+108,-7.31E+122,8.38E+136,0.991659424,0.008340522,5.30E-08,0.078070701,0.150399711,3.068316244,1.67614226,,,4.54E+23,3.69E+25,5.24E+25,5.81E+26,3.21E+12,2.53E+13,3.07E+12,2.42E+13,1.90E+12,1.39E+13,,,5.46E+11,4.30E+12,5.05E+12,3.87E+13,3.38E+12,2.63E+13,3.98E+12,3.14E+13,1.48E+12,1.16E+13,iot_first_5.csv
4221,125,3.31E+12,,9.70E+11,5.23E+25,,,0.33805865,1.478630171,,-8.88E+66,1.41E+81,-9.39E+94,1.13E+109,-9.51E+122,1.03E+137,0.991817155,0.008182754,9.03E-08,0.170447719,0.209387606,2.939476983,1.5648936,,,4.32E+23,3.68E+25,5.23E+25,5.80E+26,3.15E+12,2.48E+13,3.00E+12,2.36E+13,1.62E+12,1.27E+13,,,5.22E+11,4.11E+12,4.85E+12,3.71E+13,3.31E+12,2.58E+13,3.98E+12,3.14E+13,1.48E+12,1.16E+13,iot_second_1.csv
4221,125,3.32E+12,,9.71E+11,5.21E+25,,,0.338275482,1.480601151,,-8.13E+66,1.33E+81,-8.43E+94,1.03E+109,-8.41E+122,9.17E+136,0.991148283,0.008851608,1.08E-07,0.125351466,0.182071313,2.932669028,1.563710771,,,4.30E+23,3.67E+25,5.22E+25,5.78E+26,3.15E+12,2.48E+13,3.01E+12,2.37E+13,1.76E+12,1.28E+13,,,5.22E+11,4.11E+12,4.88E+12,3.73E+13,3.32E+12,2.59E+13,3.98E+12,3.14E+13,1.34E+12,1.05E+13,iot_second_2.csv
4221,125,3.32E+12,,9.72E+11,5.23E+25,,,0.452418722,0.831899838,,-8.74E+66,1.40E+81,-9.30E+94,1.13E+109,-9.53E+122,1.04E+137,0.991289962,0.008709965,7.23E-08,0.193543394,0.235096381,2.933499605,1.565751686,,,4.33E+23,3.68E+25,5.23E+25,5.80E+26,3.15E+12,2.48E+13,3.01E+12,2.37E+13,1.62E+12,1.27E+13,,,5.22E+11,4.11E+12,4.85E+12,3.71E+13,3.32E+12,2.59E+13,3.98E+12,3.14E+13,1.48E+12,1.16E+13,iot_second_3.csv
4221,125,3.32E+12,,9.65E+11,5.16E+25,,,0.339269048,1.460839868,,-8.11E+66,1.34E+81,-8.62E+94,1.07E+109,-8.83E+122,9.79E+136,0.991269017,0.008730872,1.10E-07,0.090516592,0.138073354,2.92693904,1.568421387,,,4.27E+23,3.63E+25,5.16E+25,5.71E+26,3.15E+12,2.48E+13,3.01E+12,2.37E+13,1.62E+12,1.27E+13,,,5.22E+11,4.11E+12,4.88E+12,3.73E+13,3.32E+12,2.59E+13,3.98E+12,3.14E+13,1.48E+12,1.16E+13,iot_second_4.csv
4220,125,3.32E+12,,9.71E+11,5.24E+25,,,0.338882954,1.464576933,,-8.77E+66,1.43E+81,-9.36E+94,1.16E+109,-9.62E+122,1.08E+137,0.991676974,0.008322863,1.62E-07,0.150715622,0.210397876,2.934039146,1.563653742,,,4.35E+23,3.69E+25,5.24E+25,5.81E+26,3.14E+12,2.48E+13,3.00E+12,2.36E+13,1.66E+12,1.31E+13,,,5.22E+11,4.11E+12,5.02E+12,3.84E+13,3.32E+12,2.58E+13,3.98E+12,3.14E+13,1.48E+12,1.16E+13,iot_second_5.csv
123866,11,0.30312272,0.871319415,0.297490343,0.117123307,45.87779404,2.785030107,0.611799594,0.654207671,0,0.009844201,0.022416136,0.007316901,0.012908923,0.005680063,0.00822648,0.281517303,0.223525098,0.161694788,0.285102904,0.253188906,1.498274502,0.942666393,0.160418004,0.157538713,0.015430502,0.021802235,0.117124253,0.124261925,0,0,0,0,0.368112818,0.421860392,45.87700484,102.6719635,0.083068865,0.216910432,0.962320545,0.124968613,0.30312272,0.269914075,0.274568455,0.410174311,0,0,KDD2014_donors_10feat_nomissing_normalised_1.csv
123865,11,0.303263194,0.87111826,0.297188188,0.116859055,46.74658548,2.825985341,0.611740134,0.646405333,0,0.009809334,0.022455349,0.007303662,0.012956358,0.00567921,0.008267673,0.282043961,0.22271062,0.161167346,0.286329689,0.253396755,1.494296433,0.940229614,0.161279451,0.157358095,0.015399373,0.021706857,0.116859999,0.123919577,0,0,0,0,0.368112818,0.421860392,46.74578224,88.71206506,0.083068865,0.216910432,0.984346818,0.051915731,0.303263194,0.270421339,0.274568455,0.410174311,0,0,KDD2014_donors_10feat_nomissing_normalised_2.csv
123865,11,0.303179662,0.87254434,0.297237557,0.116987748,26.8882011,2.523300419,0.611928529,0.655248656,0,0.00980428,0.022438772,0.007301837,0.012933455,0.005675051,0.008245219,0.282452064,0.223560108,0.161415593,0.285315465,0.253339357,1.490430153,0.929892225,0.1618243,0.158916744,0.015429361,0.021849248,0.116988692,0.124328133,0,0,0,0,0.368112818,0.421860392,26.88771851,47.56881926,0.083068865,0.216910432,0.932760909,0.151536081,0.303179662,0.270273091,0.274568455,0.410174311,0,0,KDD2014_donors_10feat_nomissing_normalised_3.csv
123865,11,0.303596791,0.871219127,0.29724762,0.116939306,40.1089839,2.776286182,0.611698496,0.649256944,0,0.009751453,0.022482007,0.007244854,0.012967806,0.005629191,0.008268864,0.282758533,0.221989034,0.162288109,0.284881563,0.253246308,1.488838929,0.933343022,0.159629681,0.157674566,0.015377333,0.021815293,0.11694025,0.124168853,0,0,0,0,0.368112818,0.421860392,40.10828784,74.33640734,0.083068865,0.216910432,0.959757909,0.093920158,0.303596791,0.270834211,0.274568455,0.410174311,0,0,KDD2014_donors_10feat_nomissing_normalised_4.csv
123865,11,0.303102988,0.871908488,0.29732607,0.117037512,33.39096303,2.651850445,0.612079795,0.662647347,0,0.009828261,0.022466485,0.007303321,0.012953358,0.005671492,0.008259219,0.28164887,0.22394147,0.161071432,0.284455708,0.253282697,1.495880558,0.943663108,0.159926905,0.158534532,0.015379355,0.02183157,0.117038457,0.124237219,0,0,0,0,0.368112818,0.421860392,33.39037544,68.73619053,0.083068865,0.216910432,0.922664636,0.180329872,0.303102988,0.270298262,0.274568455,0.410174311,0,0,KDD2014_donors_10feat_nomissing_normalised_5.csv
5039,41,297.7302757,,5768.72158,761647247.5,,,0.714088924,0.492719387,,7.13E+28,3.59E+35,1.82E+42,9.33E+48,4.78E+55,2.45E+62,0.810085375,0.189913311,6.76E-07,0.09273345,0.157486482,1.145374601,1.161257002,,,27866.45129,692575.77,761798427.9,4036031770,4.313130987,18.65710312,0.782673762,3.079270805,34.33073171,101.5119958,,,4.827851854,17.22703105,250931.5854,1121444.429,297.7302757,1407.671566,10.15902439,41.04899925,0.097560976,0.300406229,KDD_first_1.csv
5039,41,2130.298775,,133064.2523,7.06E+11,,,0.714013776,0.489662275,,3.92E+37,1.50E+46,5.71E+54,2.18E+63,8.31E+71,3.17E+80,0.999802068,0.000197931,7.47E-10,0.148825335,0.2654129,1.158512055,1.169448486,,,2381021.134,67118072.1,7.06E+11,4.52E+12,4.265501821,18.376955,0.797622928,3.165572055,34.96487805,104.1023204,,,4.828575073,17.22682424,9435690,59598246.29,2130.298775,13109.30538,10.1595122,41.04887568,0.097560976,0.300406229,KDD_first_2.csv
5039,41,347.5606312,,6029.291781,855916660.9,,,0.665998062,0.4862261,,7.21E+28,3.60E+35,1.82E+42,9.30E+48,4.76E+55,2.44E+62,0.838886345,0.161112463,6.21E-07,0.143749254,0.213819813,1.139770203,1.165436929,,,9338.617811,154501.2105,856086553.1,4660769675,4.299322242,18.39709523,0.784390639,3.055030482,34.0504878,99.62716479,,,4.934526732,17.77577301,250903.2439,1121514.928,347.5606312,1728.095051,10.20926829,41.14696783,0.097560976,0.300406229,KDD_first_3.csv
5038,41,311.1119568,,5828.183241,705756303.9,,,0.665910144,0.485522827,,5.50E+28,2.73E+35,1.38E+42,7.04E+48,3.60E+55,1.85E+62,0.629278679,0.370719925,7.45E-07,0.23149872,0.218172524,1.151549606,1.169381507,,,121969.4064,3397261.321,705896418.4,3264889768,0.592356016,2.878383429,0.15859359,0.709886935,36.20926829,110.0197092,,,4.610886,16.18798792,250928.3659,1121515.544,311.1119568,1421.076446,9.988292683,40.84630809,0.048780488,0.21808479,KDD_first_4.csv
5037,41,361.056937,,7431.013308,1228909832,,,0.715391992,0.4853963,,2.32E+29,1.51E+36,1.02E+43,7.11E+49,5.09E+56,3.71E+63,0.776141219,0.22385798,4.22E-07,0.065313606,0.138309455,1.141126602,1.162820213,,,2340542.19,66892902.85,1229153857,6315103925,4.305297593,18.59014289,0.800822621,3.183008104,34.12341463,99.69177979,,,4.791690878,16.9009485,312637.3659,1425505.021,361.056937,1701.282597,10.08585366,40.96051397,0.097560976,0.300406229,KDD_first_5.csv
4509,41,197.2796829,,1418.48328,52161958.85,,,0.734678249,0.491832979,,2.74E+26,5.97E+32,1.30E+39,2.85E+45,6.24E+51,1.37E+58,0.915284102,0.084694182,1.08E-05,0.12211681,0.177251697,1.119336086,1.115462878,,,4972.648093,91895.78476,52173529.83,306373179.6,5.067350081,22.23752428,0.98987416,4.339971231,36.36073171,117.7218685,,,7.525099024,24.90345733,73921.65854,363598.0028,197.2796829,936.9828045,14.19365854,48.28974766,0.097560976,0.300406229,KDD_second_1.csv
4509,41,702.1649427,,25889.80327,26784350398,,,0.761803614,0.489983865,,5.45E+33,3.37E+41,2.10E+49,1.31E+57,8.23E+64,5.17E+72,0.999848083,0.000151875,2.05E-08,0.061618551,0.146841486,1.117770937,1.118232013,,,3310327.044,94530679.65,26790291913,1.72E+11,5.03596671,22.0388286,0.977529828,4.187633774,35.31878049,111.777989,,,7.56089839,25.7122109,1544877.61,9810034.884,702.1649427,4100.808301,13.90073171,47.65432889,0.097560976,0.300406229,KDD_second_2.csv
4509,41,229.4127983,,2392.086369,130457083.1,,,0.712284174,0.489756525,,4.81E+27,1.85E+34,7.17E+40,2.78E+47,1.08E+54,4.19E+60,0.811778912,0.188212395,4.30E-06,0.200474385,0.206296135,1.121208564,1.105928185,,,11921.48536,286898.9232,130486022.1,692406766.1,4.689432131,22.6066499,0.846839386,4.230545928,34.72731707,109.7981459,,,7.379370293,24.66010256,127674.7317,637408.7627,229.4127983,1077.330416,13.92560976,47.89991044,0.048780488,0.21808479,KDD_second_3.csv
4508,41,231.0958224,,3097.384807,256541372.1,,,0.761205883,0.498377653,,5.31E+28,3.33E+35,2.10E+42,1.32E+49,8.28E+55,5.20E+62,0.926418931,0.073576815,2.05E-06,0.07180169,0.152416725,1.127300445,1.110785287,,,6252.902388,111234.0029,256598292.8,1523911880,0.429536549,2.018998824,0.130375734,0.583238496,35.01152439,110.0789448,,,7.850909415,27.17987506,184957.9268,998037.1345,231.0958224,1109.537627,13.60804878,46.9146805,0.048780488,0.21808479,KDD_second_4.csv
4508,41,217.947786,,1652.8441,80772559.44,,,0.760150315,0.49315225,,1.61E+27,5.04E+33,1.57E+40,4.92E+46,1.54E+53,4.80E+59,0.964991305,0.03499502,6.65E-06,0.065924279,0.140881415,1.113087613,1.121957318,,,5552.233179,99321.34084,80790481.02,499076559.9,5.082287842,22.46010898,1.018301254,4.513266028,34.7647561,110.0769319,,,7.507018537,25.37595821,85341.41463,490920.0812,217.947786,1059.531648,13.93756098,47.75840684,0.097560976,0.300406229,KDD_second_5.csv
203660,116,1.84E+14,0.637357703,1.47E+15,8.63E+31,8218.422591,42.67033732,0.558882191,0.591594304,0,1.13E+85,5.95E+102,3.17E+120,1.70E+138,9.17E+155,4.97E+173,0.971087862,0.021887396,0.005338524,0.26351774,0.23273041,2.77145412,1.999838257,0.252614045,0.311772303,1.09E+30,6.06E+31,8.63E+31,9.02E+32,,,,,2.44E+11,2.63E+12,8218.341855,16012.15884,20339191.02,139449779.2,2.45E+16,1.16E+17,1.84E+14,1.26E+15,13718719.97,94057570.06,-842.4627051,7911.642986,NBaIoT_device_1_1.csv
203660,116,1.78E+14,0.637508697,1.43E+15,8.35E+31,13283.68856,48.33505262,0.533121931,0.584739337,0,1.09E+85,5.74E+102,3.05E+120,1.64E+138,8.83E+155,4.78E+173,0.973717004,0.021066616,0.003674549,0.136219139,0.17551032,2.76604186,1.999435903,0.248155694,0.312769481,1.04E+30,5.88E+31,8.35E+31,8.76E+32,,,,,2.48E+11,2.67E+12,13283.55808,29120.72956,20322710.28,139408766.8,2.44E+16,1.16E+17,1.78E+14,1.23E+15,13707603.26,94029907.71,-843.472524,7875.550373,NBaIoT_device_1_2.csv
203660,116,1.79E+14,0.637796468,1.45E+15,8.41E+31,14617.22795,53.25753422,0.532845321,0.589167298,0,1.09E+85,5.75E+102,3.06E+120,1.64E+138,8.83E+155,4.78E+173,0.97106223,0.022093719,0.005190672,0.260142197,0.228506791,2.771621248,1.998835811,0.247045044,0.312883645,1.05E+30,5.90E+31,8.41E+31,8.79E+32,,,,,2.49E+11,2.68E+12,14617.08438,34040.70855,20319488.04,139400115.7,2.44E+16,1.16E+17,1.79E+14,1.23E+15,13705430.52,94024072.59,-778.6011707,7171.840461,NBaIoT_device_1_3.csv
203659,116,1.82E+14,0.63832287,1.45E+15,8.52E+31,12811.11351,53.24311159,0.537019096,0.591439502,0,1.12E+85,5.91E+102,3.15E+120,1.69E+138,9.13E+155,4.95E+173,0.973020607,0.021056466,0.004341581,0.232925058,0.231577995,2.771435503,1.99936488,0.24903928,0.313412207,1.07E+30,6.01E+31,8.52E+31,8.93E+32,,,,,2.49E+11,2.68E+12,12810.98767,30147.51492,20318695.22,139397950,2.45E+16,1.16E+17,1.82E+14,1.24E+15,13704896.87,94022611.7,-598.439304,6128.922331,NBaIoT_device_1_4.csv
203659,116,1.83E+14,0.638442059,1.45E+15,8.58E+31,19985.97736,65.30723826,0.53591268,0.590268631,0,1.11E+85,5.87E+102,3.12E+120,1.67E+138,9.01E+155,4.88E+173,0.972368625,0.021554921,0.00438701,0.173465967,0.194014101,2.773549393,1.999671652,0.246499942,0.312303366,1.07E+30,6.03E+31,8.58E+31,8.98E+32,,,,,2.49E+11,2.68E+12,19985.78106,47150.00143,20318839.86,139398441.8,2.45E+16,1.16E+17,1.83E+14,1.26E+15,13704993.51,94022943.54,-351.2234692,2603.755305,NBaIoT_device_1_5.csv
167176,116,2.08E+14,0.678200584,1.54E+15,9.67E+31,654.5744141,4.820664271,0.531543609,0.641303386,0,1.23E+85,6.46E+102,3.43E+120,1.83E+138,9.81E+155,5.29E+173,0.972210587,0.022136842,0.004161877,0.173989579,0.201525219,2.824803058,1.935018345,0.294029443,0.316974394,1.21E+30,6.80E+31,9.67E+31,1.01E+33,,,,,3.73E+11,3.99E+12,654.5665473,1577.820662,1.16E+11,1.24E+12,2.45E+16,1.16E+17,2.08E+14,1.43E+15,77911174632,8.39E+11,-2912.722282,10922.38834,NBaIoT_device_2_1.csv
167176,116,2.10E+14,0.676549792,1.54E+15,9.78E+31,656.8916259,5.101156903,0.532102384,0.642096989,0,1.26E+85,6.65E+102,3.53E+120,1.89E+138,1.02E+156,5.50E+173,0.97356457,0.021389425,0.003430115,0.177522397,0.205323921,2.822864616,1.928896824,0.292070743,0.316116298,1.23E+30,6.90E+31,9.78E+31,1.03E+33,,,,,3.72E+11,3.97E+12,656.8837313,1653.646605,1.14E+11,1.23E+12,2.45E+16,1.16E+17,2.10E+14,1.44E+15,76875027339,8.28E+11,-2642.407048,8859.247256,NBaIoT_device_2_2.csv
167176,116,2.08E+14,0.679608547,1.54E+15,9.65E+31,620.3130536,3.937382237,0.531092646,0.640595707,0,1.24E+85,6.51E+102,3.46E+120,1.85E+138,9.93E+155,5.36E+173,0.972594298,0.021934225,0.003789779,0.212543951,0.236120242,2.820868777,1.938012989,0.29677462,0.317859094,1.21E+30,6.79E+31,9.65E+31,1.01E+33,,,,,3.74E+11,3.99E+12,620.3055967,1540.429517,1.15E+11,1.24E+12,2.45E+16,1.16E+17,2.08E+14,1.43E+15,77858193552,8.39E+11,-2293.581568,7840.59803,NBaIoT_device_2_3.csv
167174,116,2.10E+14,0.679730176,1.54E+15,9.77E+31,678.8503315,4.665442341,0.531241797,0.639021927,0,1.25E+85,6.57E+102,3.49E+120,1.86E+138,1.00E+156,5.40E+173,0.973692458,0.021650756,0.003163699,0.246331077,0.216024764,2.825242007,1.932312181,0.292801062,0.316858379,1.22E+30,6.88E+31,9.77E+31,1.02E+33,,,,,3.73E+11,3.98E+12,678.8421741,1719.352541,1.15E+11,1.23E+12,2.45E+16,1.16E+17,2.10E+14,1.44E+15,77261358253,8.32E+11,-2735.786418,10487.10189,NBaIoT_device_2_4.csv
167174,116,2.07E+14,0.678528667,1.53E+15,9.61E+31,789.9386826,5.128670877,0.531336433,0.646001613,0,1.23E+85,6.48E+102,3.44E+120,1.84E+138,9.88E+155,5.34E+173,0.973621438,0.021372027,0.003322468,0.183170068,0.207955406,2.825834197,1.936987127,0.291511681,0.315688967,1.20E+30,6.77E+31,9.61E+31,1.01E+33,,,,,3.73E+11,3.98E+12,789.9291962,1981.901782,1.16E+11,1.25E+12,2.45E+16,1.16E+17,2.07E+14,1.42E+15,78360458563,8.44E+11,-3437.099877,12110.17189,NBaIoT_device_2_5.csv
71100,116,5.08E+14,1.250239044,2.37E+15,2.29E+32,2377.590132,14.07323479,0.474640025,0.235859112,0,2.61E+85,1.33E+103,6.88E+120,3.58E+138,1.87E+156,9.82E+173,0.97185904,0.022083526,0.004052683,0.377346051,0.273228649,1.860124867,1.200980948,0.226604688,0.268476944,2.85E+30,1.61E+32,2.29E+32,2.40E+33,,,,,3.64E+11,3.83E+12,2377.523168,5794.011225,8.766120413,41.48241133,2.53E+16,1.20E+17,5.08E+14,3.49E+15,64910077.72,307162773.8,-237.2660209,1541.311291,NBaIoT_device_3_1.csv
71100,116,4.92E+14,1.275691644,2.34E+15,2.23E+32,2935.260782,15.4042982,0.474786797,0.233582144,0,2.58E+85,1.32E+103,6.86E+120,3.58E+138,1.88E+156,9.88E+173,0.972566505,0.02177015,0.003863712,0.144393863,0.188208307,1.846519145,1.191931039,0.230760125,0.265967917,2.80E+30,1.57E+32,2.23E+32,2.34E+33,,,,,3.47E+11,3.66E+12,2935.178131,8055.648112,8.62706566,40.82438632,2.53E+16,1.20E+17,4.92E+14,3.37E+15,64910077.77,307162774,-321.5084802,2420.781222,NBaIoT_device_3_2.csv
71100,116,4.94E+14,1.264193248,2.36E+15,2.24E+32,3283.300144,11.29088011,0.474808662,0.237140984,0,2.56E+85,1.31E+103,6.77E+120,3.52E+138,1.84E+156,9.69E+173,0.970197958,0.02277527,0.005288385,0.261525735,0.19974293,1.852894911,1.196927401,0.227413118,0.266481254,2.80E+30,1.57E+32,2.24E+32,2.34E+33,,,,,3.63E+11,3.82E+12,3283.207703,9614.909063,8.687472887,41.11024111,2.53E+16,1.20E+17,4.94E+14,3.39E+15,64910077.75,307162773.9,-796.5280212,7827.845606,NBaIoT_device_3_3.csv
71100,116,4.84E+14,1.23839779,2.32E+15,2.19E+32,2730.632325,14.09821244,0.477626086,0.238087851,0,2.51E+85,1.29E+103,6.65E+120,3.46E+138,1.81E+156,9.54E+173,0.972042072,0.022063015,0.004084795,0.210201665,0.215882182,1.847855352,1.195828969,0.227418784,0.266514005,2.73E+30,1.54E+32,2.19E+32,2.29E+33,,,,,3.54E+11,3.74E+12,2730.55543,6751.20798,8.67287105,41.04114333,2.53E+16,1.20E+17,4.84E+14,3.32E+15,64910077.75,307162773.9,-765.4657428,7862.729858,NBaIoT_device_3_4.csv
71100,116,4.94E+14,1.284554532,2.34E+15,2.24E+32,2589.294764,16.40441978,0.47735985,0.232842925,0,2.57E+85,1.32E+103,6.80E+120,3.54E+138,1.85E+156,9.74E+173,0.972669634,0.021783748,0.003762628,0.315739149,0.242186517,1.851821991,1.193441948,0.227744061,0.265585648,2.79E+30,1.58E+32,2.24E+32,2.35E+33,,,,,3.51E+11,3.71E+12,2589.221844,6212.938092,8.655755738,40.96015147,2.53E+16,1.20E+17,4.94E+14,3.40E+15,64910077.76,307162773.9,-520.1349552,5014.326427,NBaIoT_device_3_5.csv
219736,116,1.62E+14,0.566042508,1.39E+15,7.43E+31,358.4659127,6.713699575,0.553367294,0.545690166,0,9.61E+84,5.07E+102,2.70E+120,1.45E+138,7.83E+155,4.25E+173,0.965808343,0.025322238,0.007509562,0.21978979,0.186277489,3.166507904,1.80235567,0.272406839,0.293791103,9.58E+29,5.20E+31,7.43E+31,7.73E+32,,,,,2.08E+11,2.24E+12,358.4626227,863.9981386,2618.22037,18289.59123,2.52E+16,1.19E+17,1.62E+14,1.10E+15,1839.127008,12343.1079,-13058.22658,49317.5007,NBaIoT_device_4_1.csv
219736,116,1.64E+14,0.567394407,1.40E+15,7.54E+31,365.9007827,7.195063979,0.553279766,0.545319846,0,9.73E+84,5.13E+102,2.73E+120,1.47E+138,7.91E+155,4.29E+173,0.965101806,0.025899827,0.00771753,0.224023375,0.173829135,3.169881746,1.803363245,0.273528536,0.293309881,9.77E+29,5.28E+31,7.54E+31,7.84E+32,,,,,2.11E+11,2.28E+12,365.897425,827.9622522,2543.279046,17670.85513,2.53E+16,1.20E+17,1.64E+14,1.11E+15,1789.353472,11926.36494,-13269.65129,50088.91808,NBaIoT_device_4_2.csv
219735,116,1.65E+14,0.565620691,1.42E+15,7.63E+31,339.9233694,6.773844777,0.553638553,0.545286562,0,9.98E+84,5.28E+102,2.82E+120,1.52E+138,8.20E+155,4.45E+173,0.964907717,0.025656036,0.008169278,0.223506186,0.161290716,3.166026547,1.801858545,0.275699876,0.293657422,9.98E+29,5.35E+31,7.63E+31,7.93E+32,,,,,2.07E+11,2.23E+12,339.9202482,769.6760302,2628.009838,18340.98001,2.52E+16,1.19E+17,1.65E+14,1.12E+15,1844.805068,12377.69143,-13793.62956,51858.69336,NBaIoT_device_4_3.csv
219735,116,1.64E+14,0.568141933,1.42E+15,7.57E+31,334.9587447,6.816298145,0.553049136,0.547766343,0,9.83E+84,5.19E+102,2.77E+120,1.49E+138,8.03E+155,4.36E+173,0.961128144,0.028162176,0.009261758,0.214718447,0.148789706,3.181226123,1.808462637,0.273469308,0.293248656,9.93E+29,5.27E+31,7.57E+31,7.83E+32,,,,,2.13E+11,2.29E+12,334.9556687,749.4720047,2432.88434,16835.55053,2.53E+16,1.20E+17,1.64E+14,1.11E+15,1715.656926,11363.84582,-13891.41696,52536.95525,NBaIoT_device_4_4.csv
219735,116,1.66E+14,0.565648155,1.41E+15,7.63E+31,361.3149916,6.622933912,0.553598176,0.544657521,0,9.87E+84,5.21E+102,2.77E+120,1.49E+138,8.03E+155,4.35E+173,0.964387022,0.02610046,0.008238163,0.212826897,0.222497782,3.164864247,1.803933784,0.27224244,0.293567769,9.90E+29,5.33E+31,7.63E+31,7.92E+32,,,,,2.09E+11,2.25E+12,361.3116756,832.2476184,2584.872186,18044.56084,2.53E+16,1.20E+17,1.66E+14,1.12E+15,1816.309188,12178.05029,-14160.29385,52970.21959,NBaIoT_device_4_5.csv
165653,116,2.15E+14,0.5702749,1.56E+15,9.94E+31,247.2534561,6.145705604,0.555928449,0.588695796,0,1.26E+85,6.64E+102,3.52E+120,1.88E+138,1.01E+156,5.44E+173,0.972295634,0.021951281,0.003895027,0.198667682,0.166210025,2.606535724,1.814673724,0.269780655,0.307323607,1.24E+30,6.99E+31,9.94E+31,1.04E+33,,,,,3.14E+11,3.38E+12,247.2504347,1267.482112,111903.2801,527468.236,2.45E+16,1.16E+17,2.15E+14,1.48E+15,64910383.43,307162710.1,-2321.92241,10565.80363,NBaIoT_device_5_1.csv
165652,116,2.24E+14,0.56951531,1.59E+15,1.04E+32,239.0585519,6.072173793,0.555634253,0.587442009,0,1.32E+85,6.94E+102,3.68E+120,1.96E+138,1.05E+156,5.68E+173,0.973339081,0.021365642,0.003556752,0.277237998,0.221529839,2.603411786,1.812443874,0.271093952,0.308245515,1.30E+30,7.31E+31,1.04E+32,1.09E+33,,,,,3.14E+11,3.38E+12,239.0556294,1233.455252,111902.9348,527471.4882,2.44E+16,1.16E+17,2.24E+14,1.54E+15,64910379.21,307162710.9,-2535.164024,9395.689267,NBaIoT_device_5_2.csv
165652,116,2.30E+14,0.570154789,1.61E+15,1.06E+32,217.6657508,5.923350972,0.555484569,0.583649924,0,1.35E+85,7.07E+102,3.74E+120,1.99E+138,1.07E+156,5.76E+173,0.972323458,0.021958026,0.004008801,0.318141896,0.249158217,2.607703067,1.810608101,0.2720919,0.308402669,1.33E+30,7.46E+31,1.06E+32,1.11E+33,,,,,3.14E+11,3.38E+12,217.6630866,1066.24263,111903.7335,527471.8125,2.45E+16,1.16E+17,2.30E+14,1.58E+15,64910379.89,307162710.7,-2539.531162,10788.99861,NBaIoT_device_5_3.csv
165652,116,2.28E+14,0.57022212,1.62E+15,1.06E+32,188.5088537,5.748413845,0.555790841,0.589894978,0,1.35E+85,7.07E+102,3.74E+120,2.00E+138,1.07E+156,5.77E+173,0.97151508,0.022321735,0.004500463,0.229252832,0.211942189,2.609175282,1.812970411,0.271564886,0.308824507,1.33E+30,7.44E+31,1.06E+32,1.11E+33,,,,,3.14E+11,3.38E+12,188.5065415,919.4656829,111906.1432,527473.8696,2.45E+16,1.16E+17,2.28E+14,1.56E+15,64910383.35,307162709.9,-2290.588963,10206.85191,NBaIoT_device_5_4.csv
165651,116,2.27E+14,0.570481775,1.62E+15,1.05E+32,190.9221277,5.839982375,0.555438909,0.580920501,0,1.34E+85,7.00E+102,3.71E+120,1.98E+138,1.06E+156,5.72E+173,0.971274984,0.022506344,0.004569953,0.258955737,0.205575571,2.603591106,1.813384989,0.26980368,0.307182649,1.33E+30,7.40E+31,1.05E+32,1.10E+33,,,,,3.11E+11,3.35E+12,190.9197864,873.2074054,111900.8976,527468.423,2.45E+16,1.16E+17,2.27E+14,1.56E+15,64910383.45,307162710.2,-2238.816976,9389.179531,NBaIoT_device_5_5.csv
167379,116,2.15E+14,0.572697436,1.53E+15,9.93E+31,239.9338984,5.22207604,0.556825052,0.610662485,0,1.26E+85,6.58E+102,3.48E+120,1.86E+138,9.95E+155,5.36E+173,0.97432746,0.021377997,0.002589749,0.300587457,0.230517832,2.738161407,1.802985603,0.274040393,0.30038452,1.22E+30,6.98E+31,9.93E+31,1.04E+33,,,,,2.87E+11,3.09E+12,239.9309956,1536.169314,111908.732,527534.3089,2.42E+16,1.15E+17,2.15E+14,1.48E+15,64910358.78,307162713,-3501.668781,13289.81617,NBaIoT_device_6_1.csv
167379,116,2.13E+14,0.573062447,1.55E+15,9.86E+31,179.7283033,4.973196537,0.556920372,0.615137645,0,1.24E+85,6.51E+102,3.44E+120,1.83E+138,9.83E+155,5.29E+173,0.971266325,0.022551411,0.004225785,0.276314106,0.241938716,2.741911061,1.810323804,0.274564394,0.300865183,1.22E+30,6.91E+31,9.86E+31,1.03E+33,,,,,2.85E+11,3.06E+12,179.7261199,1038.432141,111915.4008,527535.0821,2.49E+16,1.18E+17,2.13E+14,1.47E+15,64910364.1,307162711.9,-2644.041666,10331.5064,NBaIoT_device_6_2.csv
167378,116,2.23E+14,0.573495278,1.59E+15,1.03E+32,198.8293288,5.109794665,0.556612215,0.613300032,0,1.32E+85,6.96E+102,3.69E+120,1.97E+138,1.06E+156,5.73E+173,0.971904174,0.021902351,0.004173737,0.246482578,0.227787112,2.746695263,1.810575636,0.27353555,0.300369751,1.30E+30,7.26E+31,1.03E+32,1.08E+33,,,,,2.87E+11,3.09E+12,198.8269172,1159.490052,111914.8825,527536.0365,2.53E+16,1.20E+17,2.23E+14,1.53E+15,64910363.56,307162711.9,-2810.862361,10485.15562,NBaIoT_device_6_3.csv
167378,116,2.14E+14,0.573141643,1.56E+15,9.92E+31,183.5638439,5.03630504,0.556463329,0.61601908,0,1.27E+85,6.70E+102,3.56E+120,1.90E+138,1.02E+156,5.53E+173,0.97179988,0.021833845,0.004465185,0.200234692,0.155145967,2.738322443,1.809515999,0.273712313,0.300298649,1.25E+30,6.98E+31,9.92E+31,1.04E+33,,,,,2.84E+11,3.06E+12,183.5616147,1042.76319,111914.9684,527530.4646,2.50E+16,1.18E+17,2.14E+14,1.47E+15,64910364.44,307162711.9,-3338.601648,12769.93255,NBaIoT_device_6_4.csv
167377,116,2.19E+14,0.573723751,1.57E+15,1.02E+32,197.1748185,5.011185307,0.556434151,0.61741114,0,1.30E+85,6.82E+102,3.62E+120,1.93E+138,1.04E+156,5.60E+173,0.972805804,0.021662929,0.003610712,0.265584111,0.182474242,2.736630252,1.809740606,0.275018053,0.300842421,1.27E+30,7.15E+31,1.02E+32,1.07E+33,,,,,2.86E+11,3.07E+12,197.1724266,1204.156623,111912.9463,527532.4472,2.53E+16,1.20E+17,2.19E+14,1.51E+15,64910362.65,307162712.1,-3147.48722,11902.68586,NBaIoT_device_6_5.csv
75045,116,4.58E+14,0.559633139,2.30E+15,2.08E+32,603.6402264,11.96033675,0.537131936,0.359883331,0,2.42E+85,1.25E+103,6.46E+120,3.37E+138,1.77E+156,9.36E+173,0.968998339,0.023556679,0.006048156,0.245135124,0.211739768,2.046851065,1.226540659,0.269544972,0.300814945,2.64E+30,1.46E+32,2.08E+32,2.17E+33,,,,,3.46E+11,3.67E+12,603.6240591,1104.791312,9.177101646,43.42722748,2.53E+16,1.20E+17,4.58E+14,3.14E+15,64910077.57,307162773,-3862.438718,12998.96163,NBaIoT_device_7_1.csv
75045,116,4.77E+14,0.558775141,2.30E+15,2.16E+32,618.4511731,9.215677663,0.53720952,0.354491007,0,2.49E+85,1.28E+103,6.60E+120,3.44E+138,1.81E+156,9.51E+173,0.972323816,0.022197935,0.003984189,0.404869663,0.255761899,2.04558587,1.225254762,0.267699453,0.301948121,2.70E+30,1.52E+32,2.16E+32,2.26E+33,,,,,3.41E+11,3.62E+12,618.4346111,1120.20031,9.179309064,43.43767327,2.51E+16,1.19E+17,4.77E+14,3.28E+15,64910077.57,307162773,-6303.482737,21554.21664,NBaIoT_device_7_2.csv
75044,116,4.63E+14,0.559198274,2.29E+15,2.10E+32,533.6516493,9.544440001,0.537942771,0.357022784,0,2.43E+85,1.25E+103,6.46E+120,3.37E+138,1.77E+156,9.33E+173,0.970056963,0.023214583,0.005321992,0.394715889,0.207002299,2.034322535,1.221606703,0.269530914,0.301396902,2.65E+30,1.47E+32,2.10E+32,2.19E+33,,,,,3.31E+11,3.52E+12,533.6373471,964.1723301,9.090953699,43.0195643,2.53E+16,1.20E+17,4.63E+14,3.17E+15,64910077.59,307162773.1,-5942.076635,20563.44398,NBaIoT_device_7_3.csv
75044,116,4.47E+14,0.559160115,2.23E+15,2.03E+32,555.6682299,8.481607273,0.537806245,0.353580539,0,2.35E+85,1.20E+103,6.24E+120,3.25E+138,1.71E+156,9.01E+173,0.971774201,0.02259741,0.004219852,0.317059609,0.215474561,2.039126971,1.223325258,0.267937337,0.303164856,2.53E+30,1.43E+32,2.03E+32,2.12E+33,,,,,3.31E+11,3.52E+12,555.6533409,1050.78988,9.09734824,43.04982409,2.53E+16,1.20E+17,4.47E+14,3.08E+15,64910077.59,307162773.2,-6474.287935,22197.91341,NBaIoT_device_7_4.csv
75044,116,4.78E+14,0.558899025,2.32E+15,2.17E+32,553.8994675,9.639922959,0.537440595,0.356151151,0,2.50E+85,1.28E+103,6.65E+120,3.46E+138,1.82E+156,9.57E+173,0.971117751,0.022536933,0.005001465,0.298895609,0.219964925,2.04445707,1.226147165,0.265457231,0.301711515,2.73E+30,1.52E+32,2.17E+32,2.27E+33,,,,,3.38E+11,3.59E+12,553.8846257,930.719612,9.189344816,43.48516374,2.53E+16,1.20E+17,4.78E+14,3.28E+15,64910077.56,307162773,-5831.563826,20120.5856,NBaIoT_device_7_5.csv
172612,116,2.10E+14,0.643622871,1.56E+15,9.65E+31,2421.82664,19.18168409,0.536655982,0.652182369,0,1.22E+85,6.40E+102,3.39E+120,1.81E+138,9.71E+155,5.24E+173,0.968800636,0.023591807,0.005550563,0.222274528,0.200632413,2.908595071,1.926520801,0.252676778,0.305764419,1.22E+30,6.76E+31,9.65E+31,1.01E+33,,,,,3.46E+11,3.71E+12,2421.798544,6417.090676,98929831595,1.07E+12,2.45E+16,1.16E+17,2.10E+14,1.44E+15,66727257355,7.19E+11,-2435.45107,13655.59265,NBaIoT_device_8_1.csv
172611,116,2.08E+14,0.642311511,1.57E+15,9.55E+31,6881.746304,-1.422491821,0.536806696,0.654448994,0,1.22E+85,6.41E+102,3.40E+120,1.82E+138,9.77E+155,5.28E+173,0.966913861,0.024185966,0.006995497,0.308182409,0.279010286,2.904046644,1.920547972,0.250457514,0.307002121,1.22E+30,6.68E+31,9.55E+31,9.94E+32,,,,,3.47E+11,3.72E+12,6881.666533,24359.66931,96091300250,1.03E+12,2.45E+16,1.16E+17,2.08E+14,1.41E+15,64812694191,6.98E+11,-3347.503425,15479.43509,NBaIoT_device_8_2.csv
172611,116,2.12E+14,0.643064758,1.56E+15,9.72E+31,3002.244765,14.65636761,0.536678235,0.654787565,0,1.23E+85,6.44E+102,3.41E+120,1.82E+138,9.76E+155,5.26E+173,0.968728928,0.023532517,0.005798734,0.225825248,0.178305559,2.904906249,1.921881743,0.251032838,0.306389916,1.22E+30,6.80E+31,9.72E+31,1.01E+33,,,,,3.48E+11,3.73E+12,3002.209944,8557.022855,97970547272,1.06E+12,2.45E+16,1.16E+17,2.12E+14,1.45E+15,66080228943,7.12E+11,-2614.208856,13649.29774,NBaIoT_device_8_3.csv
172611,116,2.09E+14,0.640500225,1.57E+15,9.61E+31,6779.886845,-3.585033174,0.537473489,0.65417729,0,1.23E+85,6.47E+102,3.43E+120,1.84E+138,9.87E+155,5.33E+173,0.967216037,0.02409114,0.006561111,0.164422542,0.147865022,2.89413386,1.918394343,0.25111054,0.307004942,1.23E+30,6.73E+31,9.61E+31,1.00E+33,,,,,3.44E+11,3.69E+12,6779.808253,26285.56484,95118549693,1.02E+12,2.45E+16,1.16E+17,2.09E+14,1.42E+15,64156582928,6.91E+11,-3095.504541,13690.29906,NBaIoT_device_8_4.csv
172611,116,2.06E+14,0.643659711,1.55E+15,9.46E+31,1803.912218,15.64987752,0.536784948,0.65480896,0,1.21E+85,6.35E+102,3.37E+120,1.80E+138,9.70E+155,5.24E+173,0.968184909,0.023684122,0.006378115,0.224163066,0.246403956,2.902310516,1.922241483,0.25433777,0.306030071,1.20E+30,6.63E+31,9.46E+31,9.86E+32,,,,,3.49E+11,3.74E+12,1803.891282,5189.365825,97123916754,1.05E+12,2.45E+16,1.16E+17,2.06E+14,1.40E+15,65509184481,7.06E+11,-2793.922696,15133.08321,NBaIoT_device_8_5.csv
169252,116,2.15E+14,0.66613011,1.56E+15,9.95E+31,2754.115495,13.2520861,0.532406177,0.645251404,0,1.27E+85,6.65E+102,3.53E+120,1.88E+138,1.01E+156,5.45E+173,0.971667346,0.022340334,0.003928751,0.221064848,0.18590225,2.835593092,1.925957231,0.253896197,0.308977724,1.24E+30,6.98E+31,9.95E+31,1.04E+33,,,,,3.74E+11,4.00E+12,2754.082915,6978.507797,1.06E+11,1.14E+12,2.45E+16,1.16E+17,2.15E+14,1.48E+15,71677812069,7.72E+11,-3040.490841,13975.42608,NBaIoT_device_9_1.csv
169252,116,2.15E+14,0.665862778,1.55E+15,9.98E+31,3218.151911,10.12699395,0.532682654,0.648645015,0,1.28E+85,6.71E+102,3.56E+120,1.90E+138,1.02E+156,5.52E+173,0.973784091,0.021283683,0.00314787,0.146903923,0.148485717,2.834876926,1.92627767,0.251572189,0.309399275,1.24E+30,7.03E+31,9.98E+31,1.05E+33,,,,,3.71E+11,3.97E+12,3218.113848,9480.068516,1.06E+11,1.14E+12,2.45E+16,1.16E+17,2.15E+14,1.48E+15,71373051007,7.69E+11,-3149.252861,14321.5652,NBaIoT_device_9_2.csv
169252,116,2.07E+14,0.665567914,1.56E+15,9.63E+31,2586.253346,9.146635707,0.532485686,0.647906164,0,1.24E+85,6.53E+102,3.47E+120,1.86E+138,9.99E+155,5.40E+173,0.969883136,0.023005917,0.005372376,0.243804018,0.254056277,2.827646039,1.925073764,0.251813423,0.310752274,1.23E+30,6.76E+31,9.63E+31,1.01E+33,,,,,3.70E+11,3.95E+12,2586.222749,6518.619656,1.04E+11,1.12E+12,2.45E+16,1.16E+17,2.07E+14,1.41E+15,70275885200,7.57E+11,-3116.863437,14325.48213,NBaIoT_device_9_3.csv
169250,116,2.19E+14,0.66623662,1.59E+15,1.02E+32,2537.864916,6.831326535,0.53247615,0.649030048,0,1.31E+85,6.87E+102,3.65E+120,1.95E+138,1.05E+156,5.65E+173,0.971025112,0.022668657,0.004646087,0.172260793,0.170606748,2.835542831,1.924524228,0.25270773,0.310077854,1.30E+30,7.18E+31,1.02E+32,1.07E+33,,,,,3.75E+11,4.01E+12,2537.834891,9077.27318,1.06E+11,1.14E+12,2.45E+16,1.16E+17,2.19E+14,1.50E+15,71380796562,7.69E+11,-3103.898795,14143.98039,NBaIoT_device_9_4.csv
169250,116,2.11E+14,0.666277027,1.54E+15,9.78E+31,2565.203229,11.82398003,0.532476597,0.646624928,0,1.25E+85,6.56E+102,3.48E+120,1.86E+138,9.99E+155,5.39E+173,0.973775848,0.021387335,0.00324637,0.228988001,0.278583911,2.834389266,1.924619123,0.249977744,0.311247477,1.22E+30,6.89E+31,9.78E+31,1.03E+33,,,,,3.74E+11,4.00E+12,2565.172881,8117.96551,1.06E+11,1.15E+12,2.45E+16,1.16E+17,2.11E+14,1.45E+15,71772340885,7.73E+11,-2566.0814,12823.85077,NBaIoT_device_9_5.csv
209716,9,463617.9319,0.728865238,1227144.517,3.23E+12,128.0264154,6.444272042,0.68670771,0.808491835,0,1.95E+34,4.67E+41,1.18E+49,3.13E+56,8.65E+63,2.48E+71,0.625984312,0.367195527,0.004928199,0.071288613,0.122322622,3.917881649,2.000287576,0.163252088,0.246963774,4.75E+11,1.71E+12,3.23E+12,6.62E+12,5515.04524,16545.13572,435.5384462,1306.615339,303134.3589,420343.3217,128.0251659,295.4131669,84045.25074,109385.8062,18893285.11,20214860.99,463617.9319,481955.9928,65319.77444,74634.6868,0.055555556,0.166666667,synthetic_creditcard_1.csv
209716,9,463441.1148,0.729027752,1226407.418,3.22E+12,127.5065306,6.428194942,0.686653164,0.811027764,0,1.97E+34,4.76E+41,1.22E+49,3.29E+56,9.25E+63,2.71E+71,0.624035252,0.369058541,0.005002155,0.071478888,0.122521492,3.917977388,1.999975035,0.161725107,0.246794237,4.71E+11,1.71E+12,3.22E+12,6.60E+12,5516.516792,16549.55038,400.881696,1202.645088,305672.6114,425382.3939,127.505286,295.388379,84084.4095,109382.1836,18482183.33,19792046.87,463441.1148,481804.4934,65345.29278,74626.42713,0.035555556,0.106666667,synthetic_creditcard_2.csv
209715,9,462812.4022,0.729186968,1224651.179,3.21E+12,125.8314845,6.391142956,0.686809318,0.809575214,0,1.94E+34,4.65E+41,1.18E+49,3.12E+56,8.56E+63,2.43E+71,0.618337116,0.375177502,0.00470406,0.071698641,0.122965417,3.914267299,2.000175336,0.162426368,0.247560366,4.69E+11,1.70E+12,3.21E+12,6.56E+12,5472.627065,16417.88119,383.2433388,1149.730016,303380.8533,421421.5305,125.8302559,297.03856,83349.37019,108591.061,18737762.22,20048183.57,462812.4022,481466.8507,64835.76333,74155.27883,0.015555556,0.046666667,synthetic_creditcard_3.csv
209714,9,465542.1441,0.727950306,1231357.05,3.25E+12,129.8314324,6.491923833,0.686829817,0.808323905,0,1.96E+34,4.72E+41,1.21E+49,3.29E+56,9.42E+63,2.83E+71,0.620296412,0.373092518,0.004754459,0.071537057,0.122785974,3.91630918,2.000756284,0.162636575,0.247266656,4.74E+11,1.72E+12,3.25E+12,6.64E+12,5479.302914,16437.90874,382.2284281,1146.685284,305462.8839,425396.9948,129.8301656,296.6601707,84381.6675,110356.2961,18893292.67,20258832.29,465542.1441,484687.4378,65536.27056,75239.9976,0.011111111,0.033333333,synthetic_creditcard_4.csv
209714,9,464160.6341,0.72752828,1231841.891,3.24E+12,126.2794784,6.43679518,0.687066017,0.808023592,0,2.04E+34,4.99E+41,1.30E+49,3.60E+56,1.04E+64,3.15E+71,0.615458886,0.377732768,0.004897763,0.071605524,0.12291546,3.916243798,2.000227037,0.162635938,0.247030495,4.73E+11,1.71E+12,3.24E+12,6.61E+12,5473.471338,16420.41401,343.2975674,1029.892702,303958.7061,422729.497,126.2782455,296.8895333,83358.09199,108632.646,18993315.56,20333736.09,464160.6341,482880.6505,64839.87278,74175.67891,0.022222222,0.066666667,synthetic_creditcard_5.csv
35069,43,46812280.11,0.658579373,67545604.06,8.62E+16,1200.031722,15.67669637,0.720691705,0.541281536,0,1.09E+45,3.21E+54,9.30E+63,2.78E+73,8.43E+82,2.60E+92,0.818001707,0.173011561,0.008985255,0.262140333,0.287910996,2.418958998,1.309071222,0.176046013,0.212027934,1.48E+15,3.99E+16,8.62E+16,4.70E+17,15.25890038,82.27651548,7.694218762,37.51709108,91310320.21,408594037.8,1199.963113,3850.153756,29952.95388,195221.8764,315214857,1161979883,46812280.11,206427474.5,20224.72462,131732.8874,1.906976744,8.0941306,UNSW_NB15_first_1.csv
35068,43,47288030.97,0.664634644,67577861.6,8.64E+16,965.4985312,14.14734987,0.72040597,0.543714872,0,1.08E+45,3.17E+54,9.22E+63,2.79E+73,8.64E+82,2.79E+92,0.814543525,0.17670299,0.008751922,0.232180775,0.192847581,2.430490099,1.31533652,0.177107966,0.212506676,1.47E+15,3.95E+16,8.64E+16,4.70E+17,15.45592507,83.59233978,7.736263729,37.81856111,92078825.76,412115836.7,965.4432966,3269.93241,28959.02514,188640.8996,340221690.2,1270217934,47288030.97,208655350.2,19562.03832,127344.0849,1.906976744,8.0941306,UNSW_NB15_first_2.csv
35068,43,46709308.51,0.664655689,67487094.72,8.61E+16,709.6431972,12.69253216,0.720934109,0.533842554,0,1.09E+45,3.22E+54,9.43E+63,2.87E+73,8.96E+82,2.91E+92,0.819142196,0.171941502,0.008914732,0.262345389,0.250627111,2.415411918,1.309562855,0.17854194,0.210534483,1.48E+15,4.00E+16,8.61E+16,4.70E+17,15.32679561,82.63726594,7.698491557,37.52670609,91231328.56,408240122.4,709.6025543,1530.483019,33156.04841,216156.4581,331263280,1229910574,46709308.51,205999024.2,22404.95433,145982.5748,1.488372093,5.937660647,UNSW_NB15_first_3.csv
35068,43,46616218.33,0.669331682,67452985.88,8.60E+16,589.4699918,11.65284477,0.719911513,0.546868252,0,1.10E+45,3.25E+54,9.46E+63,2.84E+73,8.68E+82,2.70E+92,0.817200926,0.1738309,0.008966748,0.217375304,0.211401068,2.417737676,1.308972592,0.182271103,0.210792237,1.47E+15,3.97E+16,8.60E+16,4.69E+17,15.2410394,82.15283515,7.688055959,37.48208456,90130133.2,403197697.3,589.4362025,1523.352468,30380.88703,198016.5972,325216447.9,1204196910,46616218.33,205551089.5,20512.29209,133610.8389,1.906976744,8.0941306,UNSW_NB15_first_4.csv
35068,43,46572026.29,0.646736761,67207733.87,8.60E+16,1334.364159,16.11832471,0.722517496,0.54233252,8.29E-254,1.09E+45,3.20E+54,9.27E+63,2.76E+73,8.31E+82,2.54E+92,0.820859402,0.171395646,0.007743431,0.187518952,0.200573057,2.419558579,1.316720451,0.177081629,0.213268084,1.49E+15,4.01E+16,8.60E+16,4.71E+17,15.13208616,81.49458971,7.671390809,37.38690271,90877639.01,406614931,1334.287887,4417.697643,31231.07308,203592.5549,305152448.9,1122915332,46572026.29,205412015.4,21089.3432,137395.7085,1.906976744,8.0941306,UNSW_NB15_first_5.csv
16467,43,51517103.04,0.686748994,68476180.34,8.98E+16,702.6122312,13.43530432,0.716999825,0.529269791,1.30E-47,9.80E+44,2.86E+54,7.99E+63,2.35E+73,7.00E+82,2.16E+92,0.805469417,0.187620085,0.006909129,0.175835006,0.195464527,2.389973837,1.292238826,0.166360659,0.211269989,1.47E+15,3.98E+16,8.98E+16,4.85E+17,15.55028175,84.28686926,7.862580372,38.66232947,101008875.7,455530436.7,702.5265336,1540.633094,1289932.649,5916580.301,323532548.2,1196664120,51517103.04,228913774.7,870132.7663,3990668.671,1.906976744,8.0941306,UNSW_NB15_second_1.csv
16467,43,51482889.07,0.69664007,68623227.48,8.99E+16,288.1250338,9.432665937,0.716052235,0.539144433,2.90E-43,9.94E+44,2.90E+54,8.11E+63,2.36E+73,6.94E+82,2.07E+92,0.807163521,0.185360846,0.007474195,0.247003235,0.203044885,2.391147133,1.290537357,0.170973751,0.209712876,1.49E+15,4.01E+16,8.99E+16,4.86E+17,15.44859441,83.70885134,7.856570558,38.64210003,101033088.8,455675808.6,288.0896763,607.5445834,614582.1022,2744863.313,302196375.1,1113060551,51482889.07,228651920.3,414619.1977,1851385.709,1.302325581,5.0874958,UNSW_NB15_second_2.csv
16466,43,51567536.48,0.65063704,68538927.9,9.01E+16,567.5945095,12.33332589,0.719111951,0.528089172,1.55E-58,9.77E+44,2.83E+54,7.85E+63,2.27E+73,6.58E+82,1.94E+92,0.804944231,0.188237035,0.006817294,0.213031412,0.251746954,2.394006409,1.302969687,0.168427012,0.209377141,1.47E+15,3.98E+16,9.01E+16,4.86E+17,15.61410808,84.71595892,7.807440854,38.34649818,101489802.4,457766584.8,567.5252058,1136.736447,1526249.074,6898892.406,299847053.1,1103417390,51567536.48,229259280.8,1029529.175,4653227.301,1.302325581,5.0874958,UNSW_NB15_second_3.csv
16466,43,52067783.61,0.719416873,68947010.47,9.06E+16,647.2788355,12.74867319,0.714560851,0.532220389,1.35E-34,9.72E+44,2.84E+54,7.94E+63,2.35E+73,7.12E+82,2.27E+92,0.811332962,0.180969769,0.007695888,0.201768484,0.161455005,2.3989994,1.295222831,0.166361944,0.20908832,1.51E+15,4.10E+16,9.06E+16,4.91E+17,15.72754991,85.45256474,7.870125291,38.7267745,103092802.1,465125415.5,647.1998534,1530.06688,2225493.532,10123787.39,323340379.1,1196626754,52067783.61,231470368,1501164.408,6828386.327,1.302325581,5.0874958,UNSW_NB15_second_4.csv
16466,43,51899573.42,0.683539113,69073350.35,9.03E+16,1047.333942,15.7538494,0.715339831,0.522059959,4.15E-40,9.90E+44,2.92E+54,8.30E+63,2.51E+73,7.84E+82,2.59E+92,0.802379601,0.188799443,0.008819409,0.202522477,0.235540613,2.403946302,1.301925863,0.161303025,0.209288207,1.47E+15,3.97E+16,9.03E+16,4.86E+17,15.64150908,84.95298081,7.881259428,38.79866133,102346486.4,461717536.6,1047.20637,2664.530181,3893822.043,17869296.96,323376694.1,1196586445,51899573.42,230716361.9,2626438.317,12052658.54,1.302325581,5.0874958,UNSW_NB15_second_5.csv
